Progress,Duration (in seconds),Finished,ResponseId,DistributionChannel,UserLanguage,non_uncommon1,non_uncommon2,non_common1,non_common2,non_rare1,non_rare2,non_occasional1,non_occasional2,gen_rare1,gen_rare2,gen_uncommon1,gen_uncommon2,gen_common1,gen_common2,head_gen_rare1,head_gen_rare2,head_gen_uncommon1,head_gen_uncommon2,head_gen_common1,head_gen_common2,liver_gen_rare1,liver_gen_rare2,liver_gen_uncommon1,liver_gen_uncommon2,liver_gen_common1,liver_gen_common2,eyes_gen_rare1,eyes_gen_rare2,eyes_gen_uncommon1,eyes_gen_uncommon2,eyes_gen_common1,eyes_gen_common2,blood_gen_rare1,blood_gen_rare2,blood_gen_uncommon1,blood_gen_uncommon2,blood_gen_common1,blood_gen_common2,cov_rare1,cov_rare2,cov_uncommon1,cov_uncommon2,cov_common1,cov_common2,head_cov_rare1,head_cov_rare2,head_cov_uncommon1,head_cov_uncommon2,head_cov_common1,head_cov_common2,liver_cov_rare1,liver_cov_rare2,liver_cov_uncommon1,liver_cov_uncommon2,liver_cov_common1,liver_cov_common2,blood_cov_rare1,blood_cov_rare2,blood_cov_uncommon1,blood_cov_uncommon2,blood_cov_common1,blood_cov_common2,eyes_cov_rare1,eyes_cov_rare2,eyes_cov_uncommon1,eyes_cov_uncommon2,eyes_cov_common1,eyes_cov_common2,sev_eyes_group,sev_eyes,sev_ liver_group,sev_ liver,sev_head_group,sev_head,sev_blood_group,sev_blood,sev_stomach_group,sev_stomach,sev_cov_group,sev_cov,association_covid,preferred_description,worries_covid_group,worries_general,worries_covid,leaflet_literacy,age,gender,education,employment,household
100,464,True,R_pQwUpd06LgLEa7D,anonymous,EN,1,100,1,100,1,100,1,100,1,5,6,10,11,20,6,10,1,5,11,20,2,5,1,2,6,10,5,15,1,5,16,25,4,7,1,3,8,12,6,10,1,5,11,20,6,10,1,5,11,20,4,8,1,3,9,12,4,7,1,3,8,12,6,10,1,5,11,20,Detractor,2,Promoter,9,Detractor,4,Promoter,10,Detractor,5,Promoter,9,"Headache,Blood clots","Numerical expression  (such as 1 in 100, 1 in 1000, etc.)",Detractor,5,No,Once a year or less,18-29,Female,College diploma,Student,No
100,846,True,R_3OixTkTX6BA43Gg,anonymous,EN,70,100,80,100,50,80,58,88,56,88,77,89,90,77,78,87,78,67,87,99,78,67,88,77,78,56,56,88,78,78,99,67,77,87,77,98,77,89,77,67,77,67,98,88,55,76,57,88,87,99,66,76,77,78,87,67,55,767,66,88,77,88,8,55,76,66,887,88,Passive,8,Passive,7,Detractor,6,Passive,7,Passive,8,Passive,7,Headache,"Percentage (such as ? 10%, between  ? 0.1% and < 1%, etc.)",Passive,8,Yes,Once a year or less,18-29,Female,College diploma,Employer,Yes
100,3728,True,R_z8aEivnUx8iPPwt,anonymous,EN,10,20,45,55,1,5,10,20,1,10,11,20,45,55,1,10,10,30,45,55,1,10,10,30,45,55,1,10,10,30,45,55,1,10,10,30,45,55,1,10,10,30,45,55,1,10,10,30,45,55,1,10,10,30,45,55,1,10,10,30,45,55,1,10,10,30,45,55,Passive,8,Promoter,9,Detractor,5,Promoter,9,Detractor,5,Promoter,10,"Headache,Liver damage,Blood clots,Upset stomach","Verbal descriptor (very common, common, etc.)",Detractor,2,No,Several times a year,30-39,Male,Other,Non- health care professional,No
100,349,True,R_Q9UNJRTgaggAojn,anonymous,EN,50,50,50,50,30,30,40,40,1,1,10,10,30,30,1,1,10,10,30,30,1,1,10,10,30,30,1,1,10,10,30,30,1,1,10,10,30,30,1,5,10,15,30,35,1,1,10,15,30,35,1,5,10,15,30,35,1,5,10,15,30,35,1,5,10,15,30,35,Detractor,2,Promoter,10,Detractor,1,Promoter,10,Detractor,4,Passive,7,"Headache,Dry eyes,Liver damage,Blood clots,Upset stomach","Verbal descriptor (very common, common, etc.)",Detractor,4,Yes,Several times a year,18-29,Female,Other,Student,No
100,738,True,R_3L6XDTr3PPuDiIT,anonymous,EN,70,75,65,75,35,24,45,24,23,10,54,45,70,76,10,13,20,30,40,45,10,15,20,35,40,50,15,10,30,45,50,55,5,10,15,20,40,50,10,12,20,35,50,60,10,15,30,40,50,60,10,15,30,45,60,70,10,15,20,30,50,60,10,11,20,40,50,70,Detractor,6,Detractor,6,Passive,7,Detractor,6,Detractor,6,Detractor,6,"Headache,Dry eyes,Liver damage","Percentage (such as ? 10%, between  ? 0.1% and < 1%, etc.)",Detractor,4,Yes,Several times a year,30-39,Female,Other,Self-employed,No
100,1889,True,R_3r25lziueD0FWRt,anonymous,EN,1,10,80,90,10,20,30,40,1,5,1,3,70,80,1,10,1,5,60,80,1,10,1,5,50,70,1,10,1,5,70,80,1,5,1,3,50,70,1,10,1,5,70,80,1,10,1,5,60,80,1,10,1,5,60,70,1,10,1,5,50,70,1,20,1,5,70,80,Detractor,0,Promoter,10,Detractor,5,Promoter,10,Detractor,3,Passive,7,"Headache,Blood clots","Percentage (such as ? 10%, between  ? 0.1% and < 1%, etc.)",Detractor,3,Yes,Several times a year,18-29,Female,College diploma,Student,Yes
100,1087,True,R_2tbaLxfYq6T3kd0,anonymous,EN,75,100,25,75,0,25,25,50,0,10,10,25,45,55,0,10,0,20,50,70,0,5,0,15,0,30,0,5,0,15,0,45,0,5,0,15,0,30,0,5,0,15,0,30,0,10,0,20,0,40,0,5,0,15,0,30,0,5,0,15,0,30,0,10,0,20,0,30,Detractor,1,Promoter,9,Detractor,1,Promoter,9,Detractor,1,Detractor,4,"Headache,Blood clots","Percentage (such as ? 10%, between  ? 0.1% and < 1%, etc.)",Detractor,0,,Never,30-39,Male,College diploma,Employer,No
100,1947,True,R_eULXmrhJOPUgqGZ,anonymous,EN,1,30,1,75,1,15,1,40,1,10,1,40,1,90,1,10,1,40,1,90,1,5,1,10,1,20,1,20,1,5,1,75,1,5,1,5,1,50,1,25,1,5,1,75,1,25,1,5,1,75,1,10,1,2,1,20,1,10,1,2,1,20,1,25,1,10,1,75,Detractor,5,Promoter,10,Detractor,5,Promoter,10,Detractor,6,Passive,7,"Headache,Blood clots","Percentage (such as ? 10%, between  ? 0.1% and < 1%, etc.)",Detractor,1,No,Never,30-39,Female,College diploma,Student,No
100,2836,True,R_3jZ1ukMlMYmvIPZ,anonymous,EN,1,5,95,99,1,3,1,15,0,1,0,1,0,10,0,1,0,1,0,10,0,1,0,1,0,10,0,1,0,3,0,10,0,0,0,1,0,10,0,1,0,3,0,10,0,1,0,3,0,10,0,1,0,3,0,10,0,1,0,3,0,10,0,1,0,3,0,20,Detractor,1,Passive,8,Detractor,2,Promoter,10,Detractor,3,Promoter,9,Blood clots,Using more than one descriptor would be best.,Promoter,9,Yes,Once a year or less,30-39,Male,College diploma,Health care professional,No
100,1312,True,R_PNwV6XXSCCE3TXz,anonymous,EN,20,35,80,65,10,20,10,20,0.001,0.005,0.01,0.05,0.1,0.5,0.01,0.05,0.1,0.5,1,5,0.0001,0.0005,0.001,0.005,0.01,0.05,0.01,0.05,0.1,0.5,1,5,0.001,0.005,0.01,0.05,0.1,0.5,0.001,0.005,0.01,0.05,0.1,0.5,0.01,0.05,0.1,0.5,1,5,0.001,0.005,0.01,0.05,0.1,0.5,0.001,0.005,0.01,0.05,0.1,0.5,0.01,0.05,0.1,0.5,1,5,Detractor,2,Passive,8,Detractor,3,Passive,8,Detractor,1,Detractor,5,"Headache,Blood clots",Using more than one descriptor would be best.,Detractor,3,Yes,Once a year or less,30-39,Male,Other,Employer,Prefer not to say
100,343,True,R_pN6CHXhIrzcwalj,anonymous,EN,10,15,85,90,1,5,40,45,1,5,10,15,20,25,1,5,10,15,40,45,0,1,2,3,10,15,1,5,15,20,40,45,0,1,2,5,15,20,1,5,5,10,15,20,0,5,5,10,15,20,0,1,2,5,5,10,0,1,2,5,20,25,1,5,15,20,35,40,Detractor,0,Promoter,10,Detractor,0,Detractor,4,Detractor,2,Promoter,10,Headache,"Percentage (such as ? 10%, between  ? 0.1% and < 1%, etc.)",Detractor,0,,Once a year or less,30-39,Male,College diploma,Student,No
100,713,True,R_2uHRELDrmOHA9zZ,anonymous,EN,15,25,65,75,5,15,30,45,10,20,1,5,50,75,1,10,15,25,50,75,1,5,10,20,50,75,1,5,10,20,50,75,1,5,10,20,50,75,1,5,10,20,50,75,1,5,10,20,50,75,1,5,10,20,50,75,1,5,10,20,50,75,1,5,10,20,50,75,Detractor,0,Passive,8,Detractor,4,Detractor,6,Detractor,5,Passive,8,Headache,Using more than one descriptor would be best.,Detractor,5,Yes,Once a year or less,18-29,Male,Other,Employer,No
100,34721,True,R_1N3xjWJveqcbheF,anonymous,EN,10,15,40,60,1,5,10,15,0,1,0,2,2,5,0,1,0,2,2,5,0,1,0,2,2,5,0,1,0,2,2,5,0,1,0,2,2,5,0,1,0,2,2,5,0,1,0,2,2,5,0,1,0,2,2,5,0,1,0,2,2,5,0,1,0,2,2,5,Detractor,1,Passive,8,Detractor,2,Detractor,6,Detractor,3,Detractor,5,"Headache,Blood clots","Numerical expression  (such as 1 in 100, 1 in 1000, etc.)",Detractor,3,No,Once a year or less,18-29,Male,High school diploma or less,Self-employed,No
100,250,True,R_PNEqhmMbKpScqWt,anonymous,EN,0,100,0,100,0,100,0,100,0,100,0,100,0,100,0,100,0,100,0,100,0,100,0,100,0,100,0,100,0,100,0,100,0,100,0,100,0,100,0,100,0,100,0,100,0,100,0,100,0,100,0,100,0,100,0,100,0,100,0,100,0,100,0,100,0,100,0,100,Detractor,3,Promoter,10,Detractor,2,Promoter,10,Detractor,4,Detractor,6,"Headache,Dry eyes,Liver damage,Blood clots,Upset stomach",Using more than one descriptor would be best.,Detractor,0,,Several times a year,30-39,Male,College diploma,Self-employed,Yes
100,814,True,R_aWeDDwG7ARdpwoV,anonymous,EN,10,20,70,80,5,15,15,25,1,5,3,7,60,70,2,5,5,7,50,60,1,3,2,4,20,30,2,5,3,5,50,60,1,2,2,3,20,30,1,3,1,5,60,70,1,5,2,4,60,70,1,2,1,3,20,30,1,2,1,2,10,15,1,5,1,3,50,60,Detractor,2,Promoter,9,Detractor,4,Promoter,9,Detractor,3,Passive,7,"Headache,Blood clots","Numerical expression  (such as 1 in 100, 1 in 1000, etc.)",Detractor,5,Yes,Once a year or less,18-29,Female,College diploma,Employer,No
100,1125,True,R_3COh7YBcla3zLEX,anonymous,EN,19,20,79,80,5,10,11,15,4,5,9,10,79,80,4,5,9,10,79,80,3,4,7,8,59,60,5,6,9,10,79,80,2,3,5,6,19,20,1,2,3,4,19,20,4,5,9,10,59,60,1,2,4,5,9,10,3,4,5,6,9,10,4,5,9,10,14,15,Detractor,1,Promoter,9,Detractor,3,Promoter,10,Detractor,2,Passive,7,"Headache,Blood clots","Numerical expression  (such as 1 in 100, 1 in 1000, etc.)",Detractor,0,,Once a year or less,18-29,Male,High school diploma or less,Student,No
100,934,True,R_3Kr0FHnDJAC4PN1,anonymous,EN,10,30,70,90,5,10,1,5,0.1,1,1,10,10,30,0.1,1,1,10,10,50,0.1,1,1,10,10,50,0.1,1,1,10,10,50,0.1,1,1,10,10,50,0.1,1,1,10,10,50,0.1,1,1,10,10,50,0.1,1,1,10,10,50,0.1,1,1,10,10,50,0.1,1,1,10,10,50,Detractor,2,Promoter,10,Passive,7,Promoter,9,Detractor,2,Detractor,3,Headache,"Numerical expression  (such as 1 in 100, 1 in 1000, etc.)",Detractor,2,No,Several times a year,18-29,Male,College diploma,Employer,No
100,431,True,R_AgPuaVGp0T2RZ1D,anonymous,EN,30,40,60,70,10,20,40,50,1,10,10,20,50,60,10,20,30,40,60,70,20,30,30,40,60,70,10,20,20,30,50,60,1,10,10,20,40,50,1,10,20,30,60,70,10,20,20,30,40,50,1,10,10,20,30,40,10,20,20,30,50,60,1,10,10,20,40,50,Detractor,3,Promoter,10,Detractor,1,Promoter,10,Detractor,4,Passive,8,"Headache,Blood clots","Numerical expression  (such as 1 in 100, 1 in 1000, etc.)",Detractor,6,Yes,Several times a year,18-29,Female,College diploma,Student,No
100,760,True,R_wRvMbpimCZSXqHT,anonymous,EN,10,20,50,70,5,10,10,20,5,10,20,30,80,90,5,10,10,30,70,90,1,5,10,20,60,70,10,15,10,30,80,90,5,10,10,20,70,80,5,10,10,30,80,90,4,8,10,20,70,90,3,8,10,20,60,80,5,10,10,20,80,90,10,15,20,30,80,90,Detractor,2,Promoter,9,Detractor,4,Promoter,9,Detractor,6,Promoter,9,Headache,Using more than one descriptor would be best.,Detractor,6,Yes,Never,18-29,Female,Other,Employer,Prefer not to say
100,1316,True,R_1ON72yB7mOvMLNT,anonymous,EN,15,30,40,60,5,10,20,30,1,5,5,15,30,50,5,10,10,20,40,60,1,5,10,20,20,30,5,10,15,30,40,60,1,5,5,10,20,30,5,10,10,30,30,60,5,10,15,30,40,60,1,5,5,10,10,30,1,5,5,10,10,20,5,10,10,30,30,50,Detractor,1,Promoter,10,Detractor,5,Promoter,10,Detractor,5,Promoter,10,"Headache,Blood clots","Percentage (such as ? 10%, between  ? 0.1% and < 1%, etc.)",Detractor,5,Yes,Once a year or less,18-29,Male,Other,Non- health care professional,No
100,1495,True,R_1ImBctRSEjIbBrd,anonymous,EN,10,30,60,80,5,15,15,30,1,2,5,10,30,50,1,2,5,10,30,50,1,2,5,10,20,40,1,2,5,10,30,50,1,2,3,10,20,40,1,3,3,10,10,30,1,2,3,10,10,40,1,3,3,10,10,30,1,3,3,10,10,30,1,3,3,10,10,50,Detractor,3,Promoter,10,Detractor,6,Promoter,10,Detractor,4,Promoter,10,"Headache,Blood clots","Numerical expression  (such as 1 in 100, 1 in 1000, etc.)",Detractor,6,Yes,Several times a year,60-69,Female,College diploma,Retired,Yes
100,465,True,R_2QllCGjKN95Fi1X,anonymous,EN,5,10,40,60,0,5,5,10,1,2,5,10,40,80,1,2,5,10,30,10,0,1,1,5,10,20,1,2,5,10,40,80,0,1,5,10,10,30,5,10,10,20,40,50,1,5,5,20,40,80,0,1,2,5,5,20,1,2,2,5,5,20,1,5,5,20,20,50,Detractor,4,Promoter,10,Detractor,1,Promoter,10,Detractor,3,Detractor,5,Blood clots,"Percentage (such as ? 10%, between  ? 0.1% and < 1%, etc.)",Detractor,2,Yes,Once a year or less,18-29,Female,College diploma,Student,Yes
100,545,True,R_3IrZwpTCe6aZza1,anonymous,EN,1,49,51,99,1,20,10,45,1,5,5,15,60,85,1,16,5,45,60,90,1,5,15,30,60,90,1,12,10,20,50,70,1,2,12,20,50,70,1,10,20,40,60,80,1,15,20,45,55,70,1,15,20,60,70,90,1,2,12,30,50,77,1,11,22,66,77,99,Detractor,1,Promoter,9,Detractor,2,Promoter,9,Detractor,3,Detractor,5,Headache,"Numerical expression  (such as 1 in 100, 1 in 1000, etc.)",Detractor,2,No,Never,18-29,Female,College diploma,Student,No
100,764,True,R_3KVjimwFBzDygm0,anonymous,EN,10,20,80,90,5,10,10,20,0,1,1,5,5,80,1,5,5,10,10,80,0,1,1,5,5,50,2,5,5,201,20,80,0,1,1,5,5,50,0,1,1,5,5,80,1,5,5,10,10,80,0,1,1,5,5,20,0,1,1,5,5,20,1,5,5,10,10,80,Detractor,1,Passive,8,Detractor,2,Promoter,9,Detractor,2,Detractor,6,"Headache,Blood clots","Numerical expression  (such as 1 in 100, 1 in 1000, etc.)",Detractor,2,Yes,Once a year or less,18-29,Male,High school diploma or less,Student,No
100,1052,True,R_2ZOISW9nVQDaxsZ,anonymous,EN,20,30,70,80,1,5,5,10,0,2,0,5,20,25,0,3,0,5,40,50,0,1,0,2,0,5,0,3,0,5,50,70,0,2,0,4,5,10,0,3,3,8,20,25,0,5,5,10,40,50,0,1,0,3,0,5,0,3,0,5,5,10,0,5,3,8,40,50,Detractor,1,Promoter,10,Detractor,2,Promoter,10,Detractor,4,Passive,8,"Headache,Upset stomach","Percentage (such as ? 10%, between  ? 0.1% and < 1%, etc.)",Passive,8,Yes,Several times a year,30-39,Male,College diploma,Employer,No
100,453,True,R_3Ms3RsMevHxyh5D,anonymous,EN,20,30,60,80,5,10,10,15,1,5,5,10,10,50,1,5,5,10,10,50,1,5,5,10,10,50,1,5,5,10,10,50,1,5,5,10,10,50,1,2,2,10,10,25,1,5,5,10,10,50,1,5,5,10,10,25,1,5,5,10,10,25,1,5,5,10,10,25,Detractor,1,Passive,8,Detractor,2,Passive,7,Detractor,3,Passive,8,Headache,Using more than one descriptor would be best.,Detractor,6,Yes,Several times a year,18-29,Male,High school diploma or less,Student,Yes
100,1779,True,R_R5qpWi1mGVs9hm1,anonymous,EN,10,20,60,80,5,10,30,50,0.1,0.3,1,3,20,30,0.1,0.3,1,3,20,30,0.1,0.3,1,3,20,30,0.1,0.3,1,3,20,30,0.1,0.3,1,3,20,30,0.1,0.3,1,3,20,30,0.1,0.3,1,3,20,30,0.1,0.3,1,3,20,30,0.1,0.3,1,3,20,30,0.1,0.3,1,3,20,30,Detractor,1,Passive,8,Detractor,2,Passive,7,Detractor,5,Promoter,9,Headache,Using more than one descriptor would be best.,Detractor,3,Yes,Once a year or less,50-59,Male,College diploma,Non- health care professional,No
100,680,True,R_3KDavMuXw33kR0y,anonymous,EN,40,49,51,60,20,39,61,80,1,9,10,19,20,30,1,9,10,19,20,30,1,5,6,10,11,20,1,9,10,19,20,30,1,5,6,10,11,20,1,5,6,10,11,20,1,9,10,19,20,30,1,5,6,10,11,20,1,5,6,10,11,20,1,9,10,19,20,30,Detractor,2,Promoter,9,Detractor,5,Promoter,9,Detractor,4,Passive,8,Headache,Using more than one descriptor would be best.,Passive,7,Yes,Once a year or less,60-69,Female,High school diploma or less,Unskilled,Yes
100,810,True,R_R2AtfLZq825O7jX,anonymous,EN,1,10,60,100,1,10,50,50,1,10,10,15,40,80,1,10,10,20,40,80,1,10,1,15,40,80,1,10,1,15,40,90,1,5,1,10,40,60,1,10,1,15,40,70,1,10,1,15,40,60,1,3,1,7,20,25,0.5,1,0.5,1,5,6,1,3,2,5,5,10,Detractor,1,Passive,8,Detractor,4,Promoter,10,Detractor,4,Promoter,10,"Headache,Blood clots",Using more than one descriptor would be best.,Passive,7,Yes,Several times a year,18-29,Female,High school diploma or less,Student,Yes
100,217,True,R_3HHWY2s30SmSQlL,anonymous,EN,40,60,30,20,20,70,40,30,30,40,40,50,60,100,1,10,20,30,4,10,1,40,1,30,2,30,5,10,30,2,10,20,20,20,3,10,4,12,1,3,3,8,5,7,5,6,6,3,5,7,5,6,3,5,6,100,2,100,5,25,6,34,6,45,5,55,4,55,Passive,7,Detractor,5,Passive,7,Detractor,6,Detractor,6,Detractor,6,Dry eyes,Using more than one descriptor would be best.,Detractor,6,No,Several times a year,18-29,Female,Other,Health care professional,No
100,894,True,R_1E4iLjZr0C9dvpQ,anonymous,EN,2,99,2,99,2,99,2,99,1,5,1,2,10,40,1,5,1,2,1,40,1,5,1,2,1,40,1,5,1,2,1,40,1,5,1,2,1,40,1,5,1,2,1,40,1,5,1,2,1,40,1,5,1,2,1,40,1,5,1,2,1,40,1,5,1,2,1,40,Detractor,5,Promoter,9,Detractor,6,Promoter,9,Detractor,3,Promoter,10,Headache,Using more than one descriptor would be best.,Passive,7,No,Several times a year,50-59,Female,College diploma,Retired,Yes
100,764,True,R_3PnHWZlqQopmIgl,anonymous,EN,25,50,25,50,25,50,25,50,1,10,20,40,30,80,1,10,20,40,60,80,1,10,20,30,50,70,1,10,20,40,60,80,1,10,20,40,60,80,20,30,30,40,60,80,1,10,20,40,60,80,1,10,20,40,60,80,1,10,20,40,60,80,1,10,20,40,60,80,Detractor,2,Promoter,10,Detractor,1,Passive,8,Detractor,3,Passive,8,"Headache,Blood clots","Percentage (such as ? 10%, between  ? 0.1% and < 1%, etc.)",Detractor,2,Yes,Never,18-29,Male,High school diploma or less,Employer,No
100,738,True,R_27WOdlyjL5osbnR,anonymous,EN,50,75,50,75,25,40,50,50,1,10,10,20,20,80,1,10,10,20,20,80,1,10,10,20,20,80,1,10,10,20,20,80,1,10,10,20,20,8,1,10,10,20,20,80,1,10,10,20,20,80,1,10,10,20,20,80,1,10,10,20,20,80,1,10,10,20,20,80,Detractor,2,Passive,7,Detractor,2,Detractor,5,Detractor,5,Detractor,5,"Headache,Dry eyes,Liver damage,Blood clots,Upset stomach","Numerical expression  (such as 1 in 100, 1 in 1000, etc.)",Detractor,5,No,Several times a year,40-49,Female,College diploma,Self-employed,No
100,287,True,R_vdgzMMvpLRE99a9,anonymous,EN,0,5,50,100,0,1,0,30,0,3,0,10,0,59,0,3,0,20,0,50,0,2,0,15,0,60,0,2,0,10,0,100,0,2,5,15,40,60,0,3,5,10,40,70,0,3,5,15,40,80,0,3,4,15,50,80,0,2,5,10,50,100,0,3,5,10,40,80,Detractor,2,Promoter,9,Detractor,0,Promoter,10,Detractor,4,Promoter,10,"Headache,Blood clots,Upset stomach","Percentage (such as ? 10%, between  ? 0.1% and < 1%, etc.)",Detractor,6,Yes,Several times a year,18-29,Female,Other,Non- health care professional,Yes
100,912,True,R_27erKLsr7ZtmQHV,anonymous,EN,15,35,65,85,15,10,25,35,5,0,5,10,50,30,0,5,5,10,30,50,0,5,5,10,30,50,0,5,5,10,30,50,0,5,5,10,30,50,0,5,5,10,30,50,0,5,5,10,30,50,0,5,5,10,30,50,0,2,5,10,30,50,0,5,5,10,30,50,Detractor,3,Passive,8,Detractor,2,Passive,7,Detractor,2,Detractor,5,Headache,Using more than one descriptor would be best.,Detractor,6,No,Once a year or less,18-29,Female,Other,Non- health care professional,No
100,709,True,R_9NvfLbTlXlTFNIZ,anonymous,EN,20,30,50,60,0,10,70,80,0,1,2,5,5,10,0,1,2,5,5,10,0,1,2,3,4,8,0,1,2,5,5,10,0,1,2,5,5,10,0,1,2,5,5,10,0,1,2,5,30,40,0,1,2,5,20,30,0,1,2,5,5,10,0,1,2,5,30,40,Detractor,3,Passive,8,Detractor,3,Promoter,10,Detractor,3,Detractor,6,"Headache,Blood clots",Using more than one descriptor would be best.,Detractor,5,Yes,Never,18-29,Male,College diploma,Student,No
100,1274,True,R_RhlB116B2bkuRMd,anonymous,EN,0,20,75,100,5,15,10,30,0,25,0,10,70,100,0,20,0,10,75,100,0,15,0,10,60,80,0,15,0,10,70,100,0,20,0,10,60,100,0,15,0,10,60,100,0,15,0,10,60,100,0,15,0,10,60,90,0,15,0,10,60,90,0,15,0,10,60,100,Detractor,1,Promoter,10,Detractor,1,Passive,8,Detractor,5,Passive,8,"Headache,Dry eyes,Liver damage,Blood clots",Using more than one descriptor would be best.,Detractor,4,No,Several times a year,40-49,Female,Other,Prefer not to say,Yes
100,1404,True,R_0ig6TetYfgVPiyR,anonymous,EN,45,50,45,50,45,50,45,50,20,30,20,30,98,100,20,30,20,30,98,100,20,30,20,30,98,100,20,30,20,30,98,100,20,30,20,30,98,100,20,30,20,30,98,100,20,30,20,30,98,100,20,30,20,30,98,100,20,30,20,30,98,100,20,30,20,30,98,100,Promoter,10,Promoter,10,Promoter,10,Promoter,10,Promoter,10,Promoter,10,"Headache,Upset stomach",There is no difference.,Promoter,10,Yes,Never,50-59,Female,College diploma,Employer,Yes
100,264,True,R_1CEmmFMajKsPbhb,anonymous,EN,0,50,50,100,0,10,0,30,0,1,0,10,0,25,0,1,0,10,50,100,0,1,0,10,0,30,0,10,10,20,50,100,0,1,0,5,10,20,0,10,10,30,30,60,0,10,10,20,20,50,0,1,0,5,0,10,0,1,10,20,50,60,0,10,10,20,20,30,Detractor,1,Passive,8,Detractor,3,Promoter,9,Detractor,2,Promoter,10,"Headache,Blood clots",Using more than one descriptor would be best.,Detractor,5,Yes,Once a year or less,18-29,Female,College diploma,Student,No
100,419,True,R_2CBdEqyJm5T3Onx,anonymous,EN,1,25,30,100,0,5,0,10,0,1,0,5,10,100,0,1,0,5,25,100,0,1,0,5,25,100,0,1,0,5,25,100,0,1,0,5,25,100,0,1,0,5,25,100,0,1,0,5,25,100,0,1,0,5,25,100,0,1,0,5,25,100,0,1,0,5,25,100,Detractor,2,Promoter,10,Detractor,4,Promoter,10,Detractor,5,Passive,8,Blood clots,Using more than one descriptor would be best.,Detractor,6,No,Once a year or less,18-29,Non-binary,Other,Student,Yes
100,1341,True,R_3JZ7NRH7QstBZMR,anonymous,EN,10,30,40,80,5,20,20,40,0.01,1,0.1,10,10,50,1,5,5,20,30,70,0.001,0.1,0.01,0.1,0.1,5,1,10,5,25,30,70,0.001,0.01,0.01,0.1,0.1,5,0.01,1,1,15,30,70,1,10,10,30,30,75,0.001,0.01,0.01,0.1,0.1,5,0.001,0.01,0.01,0.1,0.1,5,1,10,5,30,30,70,Detractor,2,Promoter,9,Detractor,3,Passive,8,Detractor,1,Detractor,5,Headache,"Percentage (such as ? 10%, between  ? 0.1% and < 1%, etc.)",Detractor,1,No,Never,18-29,Male,High school diploma or less,Student,No
100,846,True,R_1roJuljFxG06UHS,anonymous,EN,25,35,40,60,10,15,16,20,1,15,20,40,60,75,1,20,30,40,50,75,1,20,30,40,50,75,1,15,20,30,40,60,1,10,15,30,40,60,1,15,20,40,50,75,1,20,25,40,45,70,1,15,20,30,40,60,1,15,20,30,35,50,5,20,25,30,40,75,Detractor,3,Passive,8,Detractor,4,Passive,8,Detractor,5,Detractor,5,"Headache,Blood clots","Numerical expression  (such as 1 in 100, 1 in 1000, etc.)",Detractor,4,Yes,Once a year or less,18-29,Female,College diploma,Student,Prefer not to say
100,970,True,R_22WI0HAuT64EFTR,anonymous,EN,10,24,51,80,1,9,5,30,0.1,1,1,10,10,30,0.1,1,1,10,10,30,0.1,1,1,10,10,30,0.1,1,1,10,10,30,0.1,1,1,10,10,30,0.1,1,1,10,10,30,0.1,1,1,10,10,30,0.1,1,1,10,10,30,0.1,1,1,10,10,30,0.1,1,1,10,10,30,Detractor,3,Passive,7,Detractor,5,Passive,8,Detractor,3,Detractor,6,Blood clots,Using more than one descriptor would be best.,Detractor,5,No,Never,18-29,Male,Other,Student,No
100,586,True,R_6f1FsGs2cjcGBnX,anonymous,EN,15,35,50,80,5,15,20,40,0,5,10,30,50,70,5,15,20,40,50,80,0,1,2,8,15,30,0,10,20,40,50,80,0,4,10,20,20,35,0,15,15,35,40,70,0,15,20,35,50,80,0,1,2,5,10,20,0,15,20,40,50,80,0,15,20,40,50,80,Detractor,1,Promoter,10,Detractor,2,Detractor,5,Detractor,4,Passive,8,"Headache,Blood clots","Numerical expression  (such as 1 in 100, 1 in 1000, etc.)",Detractor,3,No,Once a year or less,18-29,Male,College diploma,Student,Yes
100,1789,True,R_2YglHRufZqjtBUC,anonymous,EN,20,30,50,60,5,10,10,20,1,3,3,5,50,60,1,3,3,5,50,60,1,3,3,5,50,60,1,3,3,5,50,60,1,3,3,5,50,60,1,3,3,5,50,60,1,3,3,5,50,60,1,3,3,5,50,60,1,3,3,5,50,60,1,3,3,5,50,60,Detractor,1,Promoter,10,Detractor,1,Promoter,10,Detractor,1,Detractor,5,"Headache,Dry eyes,Blood clots","Numerical expression  (such as 1 in 100, 1 in 1000, etc.)",Detractor,3,No,Once a year or less,40-49,Male,High school diploma or less,Health care professional,Yes
100,1223,True,R_1Qc7adYdAcxBvLz,anonymous,EN,10,25,45,85,0,10,10,30,0,0.01,0.1,0.0001,10,15,0,10,0,5,15,30,0,0.001,0,0.001,2,15,0,0.5,0,0.3,25,35,0,0.0001,0,0.001,0,2,0,0.00001,0,0.0001,1,5,0,2,0,5,5,15,0,0.00005,0,0.0005,1,5,0,0.00001,0,0.0001,0,0.5,0,1,0,3,5,20,Detractor,0,Passive,8,Detractor,3,Promoter,10,Passive,7,Promoter,10,Blood clots,There is no difference.,Passive,7,Yes,Once a year or less,50-59,Male,College diploma,Self-employed,No
100,1031,True,R_2S9bxdj1FyxJZO3,anonymous,EN,5,10,80,90,15,20,25,45,1,10,10,20,20,40,1,10,10,30,30,50,1,10,10,20,20,40,1,10,10,20,20,40,1,10,10,20,20,40,1,10,20,30,30,50,1,10,10,20,20,50,1,10,10,20,20,30,1,10,10,20,20,30,1,10,10,20,20,40,Detractor,2,Passive,7,Promoter,9,Detractor,2,Detractor,2,Detractor,5,Headache,Using more than one descriptor would be best.,Passive,7,Yes,Several times a year,50-59,Female,Other,Prefer not to say,Yes
100,568,True,R_2wSRwqbs4ueZNhh,anonymous,EN,0,50,1,100,1,20,1,10,1,10,0,1,1,50,0,1,1,10,1,50,0,1,1,10,1,50,0,1,1,10,1,50,0,1,1,10,1,50,0,1,1,10,1,50,0,1,1,10,1,50,0,1,1,10,1,50,0,1,1,10,1,50,0,1,1,10,1,50,Detractor,3,Promoter,10,Passive,8,Promoter,10,Passive,8,Detractor,5,"Headache,Blood clots,Upset stomach","Percentage (such as ? 10%, between  ? 0.1% and < 1%, etc.)",Detractor,0,,Several times a year,40-49,Male,Other,Self-employed,No
100,381,True,R_DMZuuNIkBxmwabv,anonymous,EN,30,20,80,70,20,10,50,40,1,2,5,10,30,60,1,2,5,10,30,60,1,2,10,20,30,60,1,2,5,10,30,60,1,2,10,20,30,60,1,2,10,20,30,60,1,2,10,20,30,60,1,2,10,20,30,60,1,2,10,20,30,60,1,2,10,20,30,60,Detractor,1,Detractor,6,Detractor,1,Detractor,5,Detractor,2,Detractor,4,"Headache,Blood clots","Numerical expression  (such as 1 in 100, 1 in 1000, etc.)",Detractor,4,Yes,Once a year or less,40-49,Male,College diploma,Health care professional,No
100,89692,True,R_2n3Djqlq8GaanoR,anonymous,EN,1,5,60,80,10,25,40,60,10,20,1,5,30,60,15,30,5,10,30,50,1,3,3,5,5,15,1,5,5,30,25,35,1,2,2,5,5,15,3,7,5,12,15,35,1,5,5,10,10,35,1,2,2,5,5,15,1,2,2,5,5,10,1,5,5,10,10,35,Detractor,1,Promoter,9,Detractor,3,Promoter,10,Detractor,3,Promoter,9,Headache,"Percentage (such as ? 10%, between  ? 0.1% and < 1%, etc.)",Detractor,2,No,Several times a year,18-29,Female,Other,Student,Yes
100,659,True,R_2rr8lJD9kdweqXG,anonymous,EN,10,15,40,60,1,5,20,40,1,3,5,10,40,50,1,5,10,20,40,60,1,5,5,10,40,60,1,5,5,15,40,50,1,5,5,10,40,50,1,3,5,20,40,70,1,5,5,15,40,70,1,3,10,15,40,60,1,3,5,15,40,70,1,5,10,15,40,70,Detractor,2,Passive,7,Detractor,1,Promoter,9,Detractor,4,Detractor,6,"Headache,Blood clots",Using more than one descriptor would be best.,Detractor,5,Yes,Once a year or less,30-39,Female,Other,Non- health care professional,No
100,1969,True,R_2Cj11pOxzsJHrAp,anonymous,EN,20,30,70,85,1,20,10,25,60,75,60,80,5,50,60,80,70,90,50,80,0,20,0,15,0,10,40,60,30,50,10,30,20,30,10,25,0,10,50,65,40,60,0,25,70,90,50,70,30,70,20,30,15,20,0,10,20,30,15,25,0,10,20,40,15,25,10,25,Detractor,4,Promoter,10,Detractor,3,Detractor,4,Detractor,6,Passive,8,"Headache,Dry eyes,Blood clots",Using more than one descriptor would be best.,Passive,7,Yes,Once a year or less,18-29,Male,College diploma,Student,No
100,7800,True,R_1n6d7w7BaWNYZ0K,anonymous,EN,1,25,1,50,1,10,1,50,1,2,1,10,1,50,1,2,1,10,1,50,1,2,1,10,1,50,1,2,1,10,1,50,1,2,1,10,1,50,1,2,1,10,1,50,1,2,1,10,1,50,1,2,1,10,1,50,1,2,1,10,1,50,1,2,1,10,1,50,Detractor,1,Detractor,6,Detractor,1,Promoter,9,Detractor,1,Detractor,6,"Headache,Blood clots","Numerical expression  (such as 1 in 100, 1 in 1000, etc.)",Detractor,6,Yes,Once a year or less,50-59,Female,Other,Employer,Yes
100,639,True,R_2ARtLEtWWTD3NqH,anonymous,EN,50,99,1,98,70,99,35,75,5,8,10,16,30,50,3,7,10,15,40,50,1,5,5,10,40,70,2,8,7,13,20,50,1,8,20,30,40,60,1,4,5,10,20,30,10,20,30,40,50,70,1,6,8,15,15,25,1,10,20,30,40,50,1,17,18,30,40,50,Detractor,2,Passive,8,Detractor,1,Passive,8,Detractor,4,Passive,8,Headache,"Percentage (such as ? 10%, between  ? 0.1% and < 1%, etc.)",Detractor,1,Yes,Once a year or less,18-29,Male,College diploma,Student,No
100,1535,True,R_3nCcJHdRPz3AIQZ,anonymous,EN,30,40,60,65,10,20,40,50,4,5,1,2,10,12,2,3,1,2,9,11,2,3,7,9,10,12,2,3,5,7,10,12,2,3,5,7,10,12,1,3,5,7,10,12,1,3,5,7,10,12,3,5,5,7,10,12,1,3,5,7,10,12,1,3,5,7,10,12,Detractor,5,Promoter,9,Passive,7,Promoter,10,Passive,8,Promoter,10,"Headache,Blood clots","Percentage (such as ? 10%, between  ? 0.1% and < 1%, etc.)",Detractor,1,Yes,Several times a year,50-59,Female,Other,Health care professional,No
100,86339,True,R_3MEBIc9mHxVTm1J,anonymous,EN,10,15,40,60,15,30,15,30,1,10,10,20,20,40,1,10,10,20,30,40,1,10,10,20,30,40,1,10,10,20,30,40,1,10,10,20,30,40,1,10,10,20,30,40,1,10,10,20,30,40,1,10,10,20,30,40,1,10,10,20,30,40,1,10,10,20,30,40,Detractor,6,Promoter,10,Passive,7,Promoter,10,Promoter,9,Passive,7,"Headache,Liver damage,Blood clots,Upset stomach",Using more than one descriptor would be best.,Detractor,3,No,Several times a year,30-39,Prefer not to say,College diploma,Prefer not to say,No
100,394,True,R_2xQUBjI4BIsROPw,anonymous,EN,1,49,50,99,1,2,1,10,1,2,1,10,40,100,1,2,1,2,40,100,1,2,1,10,40,100,1,2,1,10,40,100,1,2,1,10,40,100,1,2,1,10,40,100,1,2,1,10,40,100,1,2,1,10,40,100,1,2,1,10,40,100,1,2,1,10,40,100,Detractor,1,Promoter,10,Detractor,1,Promoter,10,Detractor,0,Detractor,5,Blood clots,"Percentage (such as ? 10%, between  ? 0.1% and < 1%, etc.)",Detractor,6,Yes,Once a year or less,30-39,Male,College diploma,Employer,No
100,855,True,R_1hLRMNo47GSUlq8,anonymous,EN,0,25,75,100,0,10,0,10,1,10,1,20,20,50,1,10,1,20,20,50,1,10,1,20,20,50,1,10,1,20,20,50,1,10,1,20,20,50,1,5,1,10,50,90,1,5,1,10,50,90,1,5,1,10,50,70,1,5,1,10,50,60,1,10,1,5,50,60,Detractor,2,Detractor,2,Detractor,2,Passive,8,Detractor,3,Promoter,9,"Headache,Blood clots","Numerical expression  (such as 1 in 100, 1 in 1000, etc.)",Detractor,6,No,Once a year or less,30-39,Female,College diploma,Employer,No
100,1172,True,R_3KW6jLxKoEzms9B,anonymous,EN,1,25,75,100,1,10,1,50,1,10,10,25,50,100,1,10,10,25,50,75,1,10,10,25,50,75,1,10,10,25,50,90,1,10,10,25,50,75,1,10,10,25,50,75,1,10,10,25,50,75,1,10,10,25,50,75,1,10,1,25,50,75,1,10,10,25,50,75,Detractor,1,Promoter,10,Detractor,1,Promoter,10,Detractor,2,Promoter,10,"Headache,Blood clots","Percentage (such as ? 10%, between  ? 0.1% and < 1%, etc.)",Detractor,3,Yes,Several times a year,40-49,Female,College diploma,Self-employed,No
100,1025,True,R_CZY5RKnuOwbMVIR,anonymous,EN,10,15,50,89,1,5,20,30,1,5,3,10,80,90,1,5,10,20,80,90,3,5,5,15,75,95,1,5,90,95,90,95,1,5,5,10,90,95,3,5,2,10,85,98,1,5,5,10,90,95,1,5,10,15,80,95,1,3,10,18,85,90,1,5,10,15,85,95,Detractor,2,Passive,8,Detractor,6,Promoter,9,Detractor,6,Passive,7,"Headache,Dry eyes,Liver damage,Blood clots,Upset stomach",Using more than one descriptor would be best.,Promoter,9,No,Several times a year,50-59,Female,College diploma,Unable to work,Yes
100,174575,True,R_1QrnVmOJYUfdY41,anonymous,EN,1,49,51,99,1,5,10,30,1,3,1,10,51,99,1,3,1,20,51,99,1,3,1,20,51,99,1,3,1,20,51,99,0,1,0,3,0,5,0,1,0,5,1,10,0,1,0,5,1,10,0,1,0,3,1,10,0,1,0,3,1,5,0,1,0,3,1,10,Detractor,2,Promoter,10,Detractor,4,Promoter,10,Detractor,6,Detractor,5,"Headache,Dry eyes,Liver damage,Blood clots,Upset stomach",Using more than one descriptor would be best.,Passive,7,No,Several times a year,50-59,Male,College diploma,Unable to work,Yes
100,662,True,R_2bNJi3hsAwECvUO,anonymous,EN,1,49,51,99,1,3,1,10,0,1,0,3,1,10,0,1,0,3,1,10,0,1,0,3,1,10,0,1,0,3,1,10,0,1,0,3,1,10,0,1,0,3,1,10,0,1,0,3,1,10,0,1,0,3,1,10,0,1,0,3,1,10,0,1,0,3,1,10,Detractor,3,Promoter,10,Detractor,5,Promoter,10,Detractor,5,Detractor,5,"Headache,Liver damage,Blood clots,Upset stomach",Using more than one descriptor would be best.,Passive,7,No,Several times a year,50-59,Male,College diploma,Self-employed,Yes
100,694,True,R_2fy6YH2qRvAFYij,anonymous,EN,1,30,60,90,1,5,5,20,0,0,0,1,1,3,0,0,0,1,1,3,0,0,0,1,1,3,0,0,0,1,1,3,0,0,0,1,1,3,0,0,0,1,0,3,0,0,0,1,0,3,0,0,0,1,0,3,0,0,0,1,1,3,0,0,0,1,1,3,Detractor,1,Promoter,9,Detractor,5,Promoter,9,Detractor,4,Detractor,5,"Headache,Blood clots,Upset stomach",Using more than one descriptor would be best.,Detractor,5,No,Several times a year,40-49,Female,College diploma,Employer,Yes
100,414,True,R_2PpXy9WuwePbZ0m,anonymous,EN,20,30,50,60,5,10,11,20,1,5,6,10,50,60,1,5,10,20,50,60,1,5,10,20,50,60,1,5,10,20,50,60,1,5,10,20,50,60,1,5,10,20,50,60,1,5,10,20,50,60,1,5,10,20,40,50,1,5,10,20,40,50,1,5,10,20,50,60,Detractor,2,Promoter,10,Detractor,5,Promoter,10,Detractor,5,Passive,7,"Headache,Blood clots,Upset stomach","Numerical expression  (such as 1 in 100, 1 in 1000, etc.)",Detractor,6,Yes,Once a year or less,30-39,Female,College diploma,Non- health care professional,Yes
100,797,True,R_22xj1oG8sXNPUBb,anonymous,EN,20,30,70,80,5,10,30,70,0,20,10,30,50,80,0,30,10,40,50,80,0,10,20,30,50,70,0,10,20,30,50,70,0,10,20,30,50,80,0,5,10,20,50,70,0,10,20,30,50,80,0,10,20,30,50,70,0,10,20,30,50,70,0,10,20,30,50,80,Detractor,1,Promoter,9,Detractor,2,Promoter,10,Detractor,4,Passive,8,Blood clots,Using more than one descriptor would be best.,Passive,7,Yes,Once a year or less,30-39,Female,College diploma,Non- health care professional,No
100,538,True,R_4SCr9Sp9YprkbMR,anonymous,EN,1,20,80,99,1,5,1,15,1,2,1,5,30,100,1,5,1,15,30,100,1,5,1,15,30,100,1,5,1,15,30,100,1,5,1,15,30,100,1,5,1,15,30,100,1,5,1,15,30,100,1,5,1,15,30,100,1,5,1,15,30,100,1,5,1,15,30,100,Detractor,1,Promoter,10,Detractor,2,Promoter,9,Detractor,3,Promoter,9,"Headache,Blood clots","Numerical expression  (such as 1 in 100, 1 in 1000, etc.)",Detractor,3,Yes,Several times a year,18-29,Male,College diploma,Health care professional,Yes
100,327133,True,R_1HcwHxTYFY8DSEe,anonymous,EN,1,40,50,99,1,30,1,50,1,10,1,30,1,50,1,10,1,30,1,60,1,5,1,10,1,50,1,30,1,40,1,70,1,1,1,10,1,20,1,10,1,30,1,40,1,15,1,30,1,50,1,10,1,20,1,30,1,5,1,10,1,30,1,20,1,30,1,60,Detractor,0,Promoter,9,Detractor,5,Promoter,10,Detractor,2,Detractor,4,Headache,Using more than one descriptor would be best.,Detractor,3,Yes,Once a year or less,18-29,Female,College diploma,Employer,No
100,811,True,R_2P4DfowaljVeZPT,anonymous,EN,1,99,50,99,1,10,40,60,1,5,1,5,40,70,1,5,1,10,50,100,1,5,1,10,50,100,1,5,1,10,50,100,1,5,1,10,50,100,1,5,1,10,50,100,1,5,1,10,50,100,1,5,1,10,50,100,1,5,1,10,50,100,1,5,1,10,50,100,Detractor,5,Promoter,10,Passive,8,Promoter,10,Passive,7,Detractor,5,"Headache,Blood clots",There is no difference.,Detractor,1,No,Once a year or less,50-59,Male,Prefer not to say,Self-employed,No
100,483,True,R_1FJOZwx0JkZhSza,anonymous,EN,20,40,70,95,1,10,40,60,1,10,10,30,50,70,1,10,10,30,50,70,1,10,10,30,50,70,1,10,10,30,50,70,1,10,10,30,50,70,1,10,10,30,50,70,1,10,10,30,50,70,1,10,10,30,50,70,1,10,10,30,50,70,1,10,10,30,50,70,Detractor,1,Promoter,9,Detractor,2,Promoter,9,Detractor,3,Promoter,9,"Headache,Blood clots","Numerical expression  (such as 1 in 100, 1 in 1000, etc.)",Passive,7,No,Several times a year,30-39,Female,College diploma,Unable to work,Yes
100,522,True,R_1PdUavubjCsw9BH,anonymous,EN,10,20,40,60,5,15,20,30,1,5,1,10,10,40,1,5,1,10,1,40,1,5,1,10,1,40,1,5,1,10,1,40,1,5,1,10,1,40,1,5,1,10,1,40,1,5,1,10,1,40,1,5,1,10,1,40,1,5,1,10,1,40,1,5,1,10,1,40,Detractor,2,Promoter,9,Detractor,3,Promoter,9,Detractor,3,Promoter,9,Headache,Using more than one descriptor would be best.,Detractor,5,Yes,Once a year or less,18-29,Male,College diploma,Student,No
13,911,False,R_2DM0uVsqG6whol1,anonymous,EN,10,30,55,75,1,5,40,60,,,,,,,,,,,,,,,,,,,,,,,,,,,,,,,,,,,,,,,,,,,,,,,,,,,,,,,,,,,,,,,,,,,,,,,,,,,,,,,,,,,
4,116,False,R_2pMlYBYbRHp2BWT,anonymous,EN,,,,,,,,,,,,,,,,,,,,,,,,,,,,,,,,,,,,,,,,,,,,,,,,,,,,,,,,,,,,,,,,,,,,,,,,,,,,,,,,,,,,,,,,,,,
4,60,False,R_PYVdB6NZillNTTr,anonymous,EN,,,,,,,,,,,,,,,,,,,,,,,,,,,,,,,,,,,,,,,,,,,,,,,,,,,,,,,,,,,,,,,,,,,,,,,,,,,,,,,,,,,,,,,,,,,
4,87,False,R_2xK7LHiGR4UVf2I,anonymous,EN,,,,,,,,,,,,,,,,,,,,,,,,,,,,,,,,,,,,,,,,,,,,,,,,,,,,,,,,,,,,,,,,,,,,,,,,,,,,,,,,,,,,,,,,,,,
4,41,False,R_2D2kiVW2JTrIQpg,anonymous,EN,,,,,,,,,,,,,,,,,,,,,,,,,,,,,,,,,,,,,,,,,,,,,,,,,,,,,,,,,,,,,,,,,,,,,,,,,,,,,,,,,,,,,,,,,,,
4,34,False,R_1gtiauQBlPf5Vp0,anonymous,EN,,,,,,,,,,,,,,,,,,,,,,,,,,,,,,,,,,,,,,,,,,,,,,,,,,,,,,,,,,,,,,,,,,,,,,,,,,,,,,,,,,,,,,,,,,,
87,1940,False,R_1OIT2yu8ii2PgDZ,anonymous,EN,1,20,50,99,1,20,1,20,1,25,1,20,25,100,5,25,1,20,25,100,5,25,1,20,40,100,5,25,10,30,25,100,1,20,5,25,25,50,1,20,5,25,25,100,1,20,5,25,25,100,1,20,5,25,25,100,1,20,5,25,25,100,1,20,5,25,25,100,Detractor,2,Promoter,10,Detractor,3,Promoter,10,Detractor,6,Promoter,10,Upset stomach,"Percentage (such as ? 10%, between  ? 0.1% and < 1%, etc.)",Detractor,3,,,,,,,
30,717,False,R_2yeeObs6XowWoHL,anonymous,EN,1,5,100,90,6,15,16,33,6,15,0,5,50,75,0,5,10,20,50,75,0,5,5,15,50,75,,,,,,,,,,,,,,,,,,,,,,,,,,,,,,,,,,,,,,,,,,,,,,,,,,,,,,,,,,,,,,,,,
4,33,False,R_3MfzDBQVOO5Zvaz,anonymous,EN,,,,,,,,,,,,,,,,,,,,,,,,,,,,,,,,,,,,,,,,,,,,,,,,,,,,,,,,,,,,,,,,,,,,,,,,,,,,,,,,,,,,,,,,,,,
4,7,False,R_2yjFLzyKwuhhfol,anonymous,EN,,,,,,,,,,,,,,,,,,,,,,,,,,,,,,,,,,,,,,,,,,,,,,,,,,,,,,,,,,,,,,,,,,,,,,,,,,,,,,,,,,,,,,,,,,,
2,5,False,R_3PI8qk0v7fKQZN3,anonymous,EN,,,,,,,,,,,,,,,,,,,,,,,,,,,,,,,,,,,,,,,,,,,,,,,,,,,,,,,,,,,,,,,,,,,,,,,,,,,,,,,,,,,,,,,,,,,
4,13,False,R_V2xnwQkk7I1BFrr,anonymous,EN,,,,,,,,,,,,,,,,,,,,,,,,,,,,,,,,,,,,,,,,,,,,,,,,,,,,,,,,,,,,,,,,,,,,,,,,,,,,,,,,,,,,,,,,,,,
4,9,False,R_1GK83zV3OBQp4I6,anonymous,EN,,,,,,,,,,,,,,,,,,,,,,,,,,,,,,,,,,,,,,,,,,,,,,,,,,,,,,,,,,,,,,,,,,,,,,,,,,,,,,,,,,,,,,,,,,,
4,19,False,R_2ffdTXORMv23JTq,anonymous,EN,,,,,,,,,,,,,,,,,,,,,,,,,,,,,,,,,,,,,,,,,,,,,,,,,,,,,,,,,,,,,,,,,,,,,,,,,,,,,,,,,,,,,,,,,,,
4,80,False,R_3ExW0A2TX0xC4wq,anonymous,EN,,,,,,,,,,,,,,,,,,,,,,,,,,,,,,,,,,,,,,,,,,,,,,,,,,,,,,,,,,,,,,,,,,,,,,,,,,,,,,,,,,,,,,,,,,,
48,3502,False,R_24Iz4vZxvgwYPl1,anonymous,EN,20,50,50,99,0,20,15,40,0,1,0,1,0,10,0,1,0,2,0,10,0,1,0,1,0,10,0,1,0,1,0,10,0,1,0,1,0,10,0,1,0,1,0,10,,,,,,,,,,,,,,,,,,,,,,,,,,,,,,,,,,,,,,,,,,,,,,,
4,45,False,R_efliqtuUDDjnjZ7,anonymous,EN,,,,,,,,,,,,,,,,,,,,,,,,,,,,,,,,,,,,,,,,,,,,,,,,,,,,,,,,,,,,,,,,,,,,,,,,,,,,,,,,,,,,,,,,,,,
4,6,False,R_3gN7mnMxqBLiKcS,anonymous,EN,,,,,,,,,,,,,,,,,,,,,,,,,,,,,,,,,,,,,,,,,,,,,,,,,,,,,,,,,,,,,,,,,,,,,,,,,,,,,,,,,,,,,,,,,,,
4,41,False,R_33qVBxvQf0m2lIv,anonymous,EN,,,,,,,,,,,,,,,,,,,,,,,,,,,,,,,,,,,,,,,,,,,,,,,,,,,,,,,,,,,,,,,,,,,,,,,,,,,,,,,,,,,,,,,,,,,
4,12,False,R_1PZYHlX5ku8XIt4,anonymous,EN,,,,,,,,,,,,,,,,,,,,,,,,,,,,,,,,,,,,,,,,,,,,,,,,,,,,,,,,,,,,,,,,,,,,,,,,,,,,,,,,,,,,,,,,,,,
4,24,False,R_sMASiCFROA5zW3n,anonymous,EN,,,,,,,,,,,,,,,,,,,,,,,,,,,,,,,,,,,,,,,,,,,,,,,,,,,,,,,,,,,,,,,,,,,,,,,,,,,,,,,,,,,,,,,,,,,
4,28,False,R_1P0Oc2GTkmefqzF,anonymous,EN,,,,,,,,,,,,,,,,,,,,,,,,,,,,,,,,,,,,,,,,,,,,,,,,,,,,,,,,,,,,,,,,,,,,,,,,,,,,,,,,,,,,,,,,,,,
4,64,False,R_1jBUpmQnDW06I7h,anonymous,EN,,,,,,,,,,,,,,,,,,,,,,,,,,,,,,,,,,,,,,,,,,,,,,,,,,,,,,,,,,,,,,,,,,,,,,,,,,,,,,,,,,,,,,,,,,,
4,31,False,R_Bs8IQ9P9TUwczgB,anonymous,EN,,,,,,,,,,,,,,,,,,,,,,,,,,,,,,,,,,,,,,,,,,,,,,,,,,,,,,,,,,,,,,,,,,,,,,,,,,,,,,,,,,,,,,,,,,,
4,52,False,R_z3kAl6TLjZZEYGB,anonymous,EN,,,,,,,,,,,,,,,,,,,,,,,,,,,,,,,,,,,,,,,,,,,,,,,,,,,,,,,,,,,,,,,,,,,,,,,,,,,,,,,,,,,,,,,,,,,
4,12,False,R_1kYdJV7E7JZGZKo,anonymous,EN,,,,,,,,,,,,,,,,,,,,,,,,,,,,,,,,,,,,,,,,,,,,,,,,,,,,,,,,,,,,,,,,,,,,,,,,,,,,,,,,,,,,,,,,,,,
13,95,False,R_2y3qOk7QeIPZvSx,anonymous,EN,100,100,100,100,100,100,100,100,,,,,,,,,,,,,,,,,,,,,,,,,,,,,,,,,,,,,,,,,,,,,,,,,,,,,,,,,,,,,,,,,,,,,,,,,,,,,,,,,,,
59,377,False,R_1FynEcVgpUlVpDG,anonymous,EN,0,10,0,50,20,50,40,50,0,10,0,20,30,70,0,20,20,30,30,80,0,10,0,20,30,80,0,20,20,30,40,80,0,10,10,20,30,80,0,10,10,20,30,40,1,10,20,30,30,60,0,10,10,30,30,60,,,,,,,,,,,,,,,,,,,,,,,,,,,,,,,,,,,
4,11,False,R_ABz6NZ1WI4PXPEt,anonymous,EN,,,,,,,,,,,,,,,,,,,,,,,,,,,,,,,,,,,,,,,,,,,,,,,,,,,,,,,,,,,,,,,,,,,,,,,,,,,,,,,,,,,,,,,,,,,
19,324,False,R_25uLIWp5Oxa5iYr,anonymous,EN,0,1,0,10,0,20,0,100,0,10,0,100,0,100,,,,,,,,,,,,,,,,,,,,,,,,,,,,,,,,,,,,,,,,,,,,,,,,,,,,,,,,,,,,,,,,,,,,,,,,,,,,,
43,2147,False,R_1Lb7dcBAeIxWMEE,anonymous,EN,20,30,70,80,5,10,50,60,0,1,2,9,10,15,1,2,3,9,10,15,0,1,2,9,10,15,1,2,3,9,10,15,1,2,3,9,10,15,,,,,,,,,,,,,,,,,,,,,,,,,,,,,,,,,,,,,,,,,,,,,,,,,,,,,
89,452,False,R_3G6yAcj2Qc5dWwP,anonymous,EN,10,30,60,99,0,10,31,60,1,5,5,20,20,60,5,15,15,30,31,60,1,25,15,50,20,70,1,15,15,40,20,70,1,30,15,40,40,80,10,25,10,35,20,70,5,20,20,60,30,99,1,15,10,30,30,80,1,20,20,25,25,60,1,15,15,35,35,70,Detractor,5,Promoter,10,Promoter,9,Promoter,10,Detractor,6,Detractor,6,"Headache,Upset stomach",Using more than one descriptor would be best.,Detractor,3,Yes,,,,,,
19,13248,False,R_23gjCDJX7Cm7GIy,anonymous,EN,5,20,80,100,1,15,10,40,1,2,1,5,1,25,,,,,,,,,,,,,,,,,,,,,,,,,,,,,,,,,,,,,,,,,,,,,,,,,,,,,,,,,,,,,,,,,,,,,,,,,,,,,
4,12,False,R_8IWxjUYmcxYXh1D,anonymous,EN,,,,,,,,,,,,,,,,,,,,,,,,,,,,,,,,,,,,,,,,,,,,,,,,,,,,,,,,,,,,,,,,,,,,,,,,,,,,,,,,,,,,,,,,,,,
4,435,False,R_33rMXb6ZUiQakW2,anonymous,EN,,,,,,,,,,,,,,,,,,,,,,,,,,,,,,,,,,,,,,,,,,,,,,,,,,,,,,,,,,,,,,,,,,,,,,,,,,,,,,,,,,,,,,,,,,,
13,75,False,R_1hNoIBG0aZGPoMG,anonymous,EN,1,40,1,100,1,9,1,60,,,,,,,,,,,,,,,,,,,,,,,,,,,,,,,,,,,,,,,,,,,,,,,,,,,,,,,,,,,,,,,,,,,,,,,,,,,,,,,,,,,
54,521,False,R_239aPvGLbNUTFVY,anonymous,EN,30,40,60,70,20,30,10,20,0,10,10,20,40,60,0,10,10,20,40,60,0,3,5,15,40,60,0,10,10,20,40,60,1,5,1,10,10,20,1,5,5,15,15,30,10,20,30,40,40,60,,,,,,,,,,,,,,,,,,,,,,,,,,,,,,,,,,,,,,,,,
4,67,False,R_3esL9xndizTjEHk,anonymous,EN,,,,,,,,,,,,,,,,,,,,,,,,,,,,,,,,,,,,,,,,,,,,,,,,,,,,,,,,,,,,,,,,,,,,,,,,,,,,,,,,,,,,,,,,,,,
4,80,False,R_SZ6bGrg62yWt1qF,anonymous,EN,,,,,,,,,,,,,,,,,,,,,,,,,,,,,,,,,,,,,,,,,,,,,,,,,,,,,,,,,,,,,,,,,,,,,,,,,,,,,,,,,,,,,,,,,,,
4,9,False,R_2QuMTjvhRfYlPjf,anonymous,EN,,,,,,,,,,,,,,,,,,,,,,,,,,,,,,,,,,,,,,,,,,,,,,,,,,,,,,,,,,,,,,,,,,,,,,,,,,,,,,,,,,,,,,,,,,,
13,144,False,R_1mwqmHUKZqtOocD,anonymous,EN,1,1,10,20,1,10,1,10,,,,,,,,,,,,,,,,,,,,,,,,,,,,,,,,,,,,,,,,,,,,,,,,,,,,,,,,,,,,,,,,,,,,,,,,,,,,,,,,,,,
4,105872,False,R_10pdXz4vprTqMfY,anonymous,EN,,,,,,,,,,,,,,,,,,,,,,,,,,,,,,,,,,,,,,,,,,,,,,,,,,,,,,,,,,,,,,,,,,,,,,,,,,,,,,,,,,,,,,,,,,,
24,339,False,R_1Nns7yFstllXq4d,anonymous,EN,1,50,50,99,1,25,1,35,1,5,1,15,50,99,1,5,1,10,50,99,,,,,,,,,,,,,,,,,,,,,,,,,,,,,,,,,,,,,,,,,,,,,,,,,,,,,,,,,,,,,,,,,,,,,,,
4,31,False,R_25L5knXj2YKPmMg,anonymous,EN,,,,,,,,,,,,,,,,,,,,,,,,,,,,,,,,,,,,,,,,,,,,,,,,,,,,,,,,,,,,,,,,,,,,,,,,,,,,,,,,,,,,,,,,,,,
4,55,False,R_1NaknoTaqX1oDYr,anonymous,EN,,,,,,,,,,,,,,,,,,,,,,,,,,,,,,,,,,,,,,,,,,,,,,,,,,,,,,,,,,,,,,,,,,,,,,,,,,,,,,,,,,,,,,,,,,,
4,139,False,R_eX2hnmsM9D0Ye2Z,anonymous,EN,,,,,,,,,,,,,,,,,,,,,,,,,,,,,,,,,,,,,,,,,,,,,,,,,,,,,,,,,,,,,,,,,,,,,,,,,,,,,,,,,,,,,,,,,,,
4,29,False,R_2X50cwKxV9hJci4,anonymous,EN,,,,,,,,,,,,,,,,,,,,,,,,,,,,,,,,,,,,,,,,,,,,,,,,,,,,,,,,,,,,,,,,,,,,,,,,,,,,,,,,,,,,,,,,,,,
4,57,False,R_1o1HtPUFkx2qgyw,anonymous,EN,,,,,,,,,,,,,,,,,,,,,,,,,,,,,,,,,,,,,,,,,,,,,,,,,,,,,,,,,,,,,,,,,,,,,,,,,,,,,,,,,,,,,,,,,,,
2,32,False,R_12Koao0ryzHswcO,anonymous,EN,,,,,,,,,,,,,,,,,,,,,,,,,,,,,,,,,,,,,,,,,,,,,,,,,,,,,,,,,,,,,,,,,,,,,,,,,,,,,,,,,,,,,,,,,,,
2,10,False,R_3LcHM7b4i0R8kZO,anonymous,EN,,,,,,,,,,,,,,,,,,,,,,,,,,,,,,,,,,,,,,,,,,,,,,,,,,,,,,,,,,,,,,,,,,,,,,,,,,,,,,,,,,,,,,,,,,,
4,8,False,R_2CeS2BwgLsZE25t,anonymous,EN,,,,,,,,,,,,,,,,,,,,,,,,,,,,,,,,,,,,,,,,,,,,,,,,,,,,,,,,,,,,,,,,,,,,,,,,,,,,,,,,,,,,,,,,,,,
2,9,False,R_XLg3DiCIlsqjk9H,anonymous,EN,,,,,,,,,,,,,,,,,,,,,,,,,,,,,,,,,,,,,,,,,,,,,,,,,,,,,,,,,,,,,,,,,,,,,,,,,,,,,,,,,,,,,,,,,,,
4,23,False,R_2aWtk1nyxF60r4l,anonymous,EN,,,,,,,,,,,,,,,,,,,,,,,,,,,,,,,,,,,,,,,,,,,,,,,,,,,,,,,,,,,,,,,,,,,,,,,,,,,,,,,,,,,,,,,,,,,
2,20,False,R_3kp7lNVYO8DKZ1T,anonymous,EN,,,,,,,,,,,,,,,,,,,,,,,,,,,,,,,,,,,,,,,,,,,,,,,,,,,,,,,,,,,,,,,,,,,,,,,,,,,,,,,,,,,,,,,,,,,
4,423,False,R_SZAljiomMiWBuw1,anonymous,EN,,,,,,,,,,,,,,,,,,,,,,,,,,,,,,,,,,,,,,,,,,,,,,,,,,,,,,,,,,,,,,,,,,,,,,,,,,,,,,,,,,,,,,,,,,,
4,12,False,R_3NWC2g12LuhVpZZ,anonymous,EN,,,,,,,,,,,,,,,,,,,,,,,,,,,,,,,,,,,,,,,,,,,,,,,,,,,,,,,,,,,,,,,,,,,,,,,,,,,,,,,,,,,,,,,,,,,
4,11,False,R_21HA6tzPTIvYGJU,anonymous,EN,,,,,,,,,,,,,,,,,,,,,,,,,,,,,,,,,,,,,,,,,,,,,,,,,,,,,,,,,,,,,,,,,,,,,,,,,,,,,,,,,,,,,,,,,,,
4,190,False,R_2wtnSkp6VlWCug5,anonymous,EN,,,,,,,,,,,,,,,,,,,,,,,,,,,,,,,,,,,,,,,,,,,,,,,,,,,,,,,,,,,,,,,,,,,,,,,,,,,,,,,,,,,,,,,,,,,
81,371,False,R_1CK392NrisDg1ep,anonymous,EN,20,40,40,60,10,20,40,50,1,10,10,20,40,60,1,10,10,20,40,60,1,10,10,20,40,60,1,10,10,20,40,60,1,10,10,20,40,60,1,10,10,20,40,60,1,10,10,20,40,60,1,10,10,20,40,60,1,10,10,20,40,60,1,10,10,20,40,20,Detractor,2,Detractor,4,Detractor,1,Passive,7,Detractor,2,Detractor,3,,,,,,,,,,,
4,14,False,R_2rvVRxO9q0gU0pT,anonymous,EN,,,,,,,,,,,,,,,,,,,,,,,,,,,,,,,,,,,,,,,,,,,,,,,,,,,,,,,,,,,,,,,,,,,,,,,,,,,,,,,,,,,,,,,,,,,
4,457,False,R_1ITn7S6EpNq6937,anonymous,EN,,,,,,,,,,,,,,,,,,,,,,,,,,,,,,,,,,,,,,,,,,,,,,,,,,,,,,,,,,,,,,,,,,,,,,,,,,,,,,,,,,,,,,,,,,,
4,97,False,R_SOfFb8kwqVV5lCx,anonymous,EN,,,,,,,,,,,,,,,,,,,,,,,,,,,,,,,,,,,,,,,,,,,,,,,,,,,,,,,,,,,,,,,,,,,,,,,,,,,,,,,,,,,,,,,,,,,
2,6,False,R_e35swmUVBp47ORH,anonymous,EN,,,,,,,,,,,,,,,,,,,,,,,,,,,,,,,,,,,,,,,,,,,,,,,,,,,,,,,,,,,,,,,,,,,,,,,,,,,,,,,,,,,,,,,,,,,
4,60,False,R_1mxUDe9BpVg1RnA,anonymous,EN,,,,,,,,,,,,,,,,,,,,,,,,,,,,,,,,,,,,,,,,,,,,,,,,,,,,,,,,,,,,,,,,,,,,,,,,,,,,,,,,,,,,,,,,,,,
4,20,False,R_6uvlfeLke1SBNkZ,anonymous,EN,,,,,,,,,,,,,,,,,,,,,,,,,,,,,,,,,,,,,,,,,,,,,,,,,,,,,,,,,,,,,,,,,,,,,,,,,,,,,,,,,,,,,,,,,,,
13,129,False,R_1ilMUIYvB0J6pqr,anonymous,EN,1,49,1,99,1,2,1,20,,,,,,,,,,,,,,,,,,,,,,,,,,,,,,,,,,,,,,,,,,,,,,,,,,,,,,,,,,,,,,,,,,,,,,,,,,,,,,,,,,,
24,1231,False,R_3n1S0m8SXowy0SJ,anonymous,EN,1,49,50,99,1,2,5,25,1,2,1,10,20,100,1,2,1,10,40,100,,,,,,,,,,,,,,,,,,,,,,,,,,,,,,,,,,,,,,,,,,,,,,,,,,,,,,,,,,,,,,,,,,,,,,,
4,52,False,R_3HBNzk6DTlcaHUo,anonymous,EN,,,,,,,,,,,,,,,,,,,,,,,,,,,,,,,,,,,,,,,,,,,,,,,,,,,,,,,,,,,,,,,,,,,,,,,,,,,,,,,,,,,,,,,,,,,
100,1722,True,R_3CIPoGPvgYgNE9P,anonymous,EN,40,60,30,70,20,50,10,30,30,80,50,100,10,30,0,30,20,60,80,100,10,40,40,70,60,90,20,60,20,60,70,90,10,20,30,50,30,60,10,20,10,20,50,60,10,30,10,20,70,100,10,20,10,30,40,60,10,20,10,20,20,40,30,40,30,50,60,90,Detractor,6,Detractor,4,Passive,7,Detractor,3,Detractor,6,Detractor,4,"Headache,Blood clots,Upset stomach",There is no difference.,Detractor,2,Yes,Once a year or less,30-39,Male,Other,Employer,No
100,514,True,R_2s6YJwUWdZjm4Il,anonymous,EN,20,30,40,60,10,20,15,25,1,5,5,10,20,30,1,5,5,10,20,30,1,5,5,10,10,20,5,10,10,30,30,50,1,5,5,10,10,20,1,5,10,20,20,40,5,10,10,20,30,50,1,5,5,10,10,20,1,5,5,10,10,20,5,10,10,30,30,50,Detractor,1,Promoter,10,Detractor,4,Promoter,10,Detractor,2,Promoter,10,"Headache,Blood clots",Using more than one descriptor would be best.,Detractor,6,Yes,Once a year or less,18-29,Male,High school diploma or less,Non- health care professional,No
100,546,True,R_1DNA9EgVJvYX1GK,anonymous,EN,90,10,50,70,0,2,10,40,0,2,5,50,70,90,0,2,5,15,80,90,0,3,5,34,90,100,5,15,15,20,95,100,0,1,5,9,80,95,0,35,35,50,70,100,0,7,7,45,50,80,0,1,5,16,70,80,0,5,10,25,80,95,0,1,6,25,69,99,Detractor,0,Promoter,10,Detractor,0,Promoter,10,Detractor,4,Promoter,10,"Headache,Liver damage,Blood clots,Upset stomach","Verbal descriptor (very common, common, etc.)",Detractor,0,,Never,18-29,Female,Other,Non- health care professional,No
100,1186,True,R_2EGhPcY1ecmO8z3,anonymous,EN,1,20,50,80,1,10,1,30,1,2,1,5,1,40,1,2,1,10,1,50,1,2,1,5,30,40,1,3,1,10,50,60,1,2,1,3,1,10,1,2,1,10,30,50,1,3,1,10,30,50,1,2,1,3,10,20,1,2,1,3,1,10,1,5,1,10,30,50,Detractor,0,Promoter,10,Detractor,1,Promoter,10,Detractor,1,Passive,7,"Headache,Dry eyes,Upset stomach","Percentage (such as ? 10%, between  ? 0.1% and < 1%, etc.)",Passive,7,Yes,Never,18-29,Male,College diploma,Self-employed,No
